correctness,faithfulness,actionability,format_adherence,ambiguity,multimodal,escalation,empathy,reasoning,model,case_id,query,response,latency,input_tokens,output_tokens,total_tokens,judge_input_tokens,judge_output_tokens,judge_total_tokens
0,0,0,0,0,5,0,3,"The AI failed to understand the user's query, which was specific enough for a direct solution. The user clearly stated 'posting JE batches' and 'end of month reporting,' which the ground truth directly addresses. The AI incorrectly asked for clarification instead of providing a solution, did not adhere to the required format, and did not utilize the provided KB context.",Gemini 2.5 Pro,ZT-001,I am getting an error message during end of month reporting when posting JE batches. The batch status shows Error with a difference amount.,"Regarding the batch posting error, which process is failing?",38.39,1522,299,5096,625,161,1242
2,2,1,0,3,5,2,4,"The AI correctly identifies the issue and the cause, aligning with the KB. However, it fails to provide the resolution steps as outlined in the ground truth. Instead of initiating the request and providing the full resolution, it asks for confirmation to proceed, which deviates from the expected 'PROVIDE_SOLUTION' action. It also completely fails to adhere to the required format headers. The AI states 'There are no troubleshooting steps you can perform on your end,' which contradicts step 1 of the ground truth's resolution.",Gemini 2.5 Pro,ZT-002,I cannot access any tickets for DC33 or JFK in Zoho with my login. I am getting access denied.,"Hi Tester,

I understand you're getting an ""access denied"" error when trying to view tickets for **DC33** and **JFK** in **Zoho**. This issue typically occurs when a user's role permissions within the application are not correctly configured for those specific departments or ticket groups.

Since this is a server-side permission setting, it requires an administrator to grant your account the necessary access. There are no troubleshooting steps you can perform on your end to resolve this.

I will need to create a request with our Applications team to have your permissions updated for the **DC33** and **JFK** ticket groups. Can you confirm you would like me to proceed?",22.31,2977,402,5511,711,192,1686
4,2,5,0,5,5,5,5,"The AI's response provides a plausible solution to the user's problem, making it largely correct. However, it deviates significantly from the specific cause and resolution steps outlined in the ground truth, impacting faithfulness. The AI completely failed to adhere to the required format by not including any of the specified headers. Actionability, ambiguity handling, escalation logic, and empathy are all well-executed.",Gemini 2.5 Pro,ZT-003,Retirees who are under the HMO plan are still showing as active on the eligibility file. How do I fix this?,"Hi Tester,

I understand you're seeing retirees who are under the HMO plan still showing as active on the eligibility file. This issue often occurs when a member's record is inadvertently active in multiple plans at once, or when the termination date for their old plan has not been processed correctly, leading to a data conflict in the eligibility report.

To resolve this, you will need to manually correct the member's plan status:

1.  Locate the specific retiree's member record in the benefits administration system.
2.  Review their plan enrollment history to verify if they are active in both the old **HMO** plan and a new plan.
3.  If a duplicate active plan is found, you will need to terminate the outdated **HMO** plan by setting the correct end date for that coverage.
4.  After updating the record, regenerate the eligibility file to confirm the retiree is no longer listed as active under the incorrect plan.

If the issue persists after these steps, please let me know and I can escalate this to our data team for a backend review.",30.24,3228,472,7625,783,167,2639
1,0,0,0,2,0,1,4,"The AI completely ignored the provided ground truth which offered direct resolution steps. Instead, it immediately asked for clarification, which was only suggested in the ground truth's 'Next Steps' if the initial resolution failed. It did not provide any actionable steps or adhere to the required format. While the tone was empathetic, the core purpose of providing a solution was missed.",Gemini 2.5 Pro,ZT-004,The address book is not letting me add a blank value to a field. Can you help?,"Hi Tester,

I understand you're unable to save a blank value in an address book field. This is often intentional system behavior, as many fields are configured as 'required' to ensure data integrity and prevent errors in downstream processes that rely on that information.

To properly assess this, could you please tell me which specific field you are trying to leave blank? Knowing the field and the business context will allow me to check its configuration and see if an exception can be made or if there is an alternative solution.

Let me know the details, and I will investigate the validation rules for that field.",28.04,3167,357,6775,706,161,1595
0,0,0,0,5,5,0,4,"The AI failed to provide the resolution steps available in the KB context. Instead of solving the problem as expected, it opted to escalate by offering to create a ticket. It also did not adhere to the required format.",Gemini 2.5 Pro,ZT-005,We need to close the Daiwa fiscal year end. What is the process and can you walk me through it?,"Hi Tester,

I understand you're ready to begin the Daiwa fiscal year-end close. This is a critical and highly controlled process that is managed directly by our Core Financial Applications team in coordination with the Finance department to ensure the integrity of the financial data.

Due to the security and complexity involved, this process requires direct intervention from the specialized application support team. I can facilitate this for you by formally submitting a request on your behalf.

Would you like me to create a ticket and assign it to the **Core Financial Applications** team to get this process started for you?",20.6,2983,313,5451,710,132,1221
1,1,2,0,5,0,5,4,"The AI's response fails significantly in several areas. It does not adhere to the required format, missing all four specified headers. It hallucinates specific email addresses (Ashok Chinthala, Debiprasad Mohanty) that are not present in the provided KB context or ground truth. It also misses crucial information from the ground truth, such as specifying the 'Effective Removal Date' and the term 'Termination Request'. While it provides numbered steps, the steps are incomplete and contain ungrounded information, severely impacting correctness and faithfulness.",Gemini 2.5 Pro,ZT-006,I need to remove a member from the eligibility file. How do we process this request?,"Hi Tester,

I understand you need to process a request to remove a member from the eligibility file. These types of requests are managed through a formal email process to ensure proper tracking and data integrity for our clients.

To proceed with the removal, please follow this procedure:

1.  Draft an email with the subject line ""Request to Remove Member from Eligibility File"".
2.  In the body of the email, please include the member's full name and their Member ID to ensure we remove the correct individual.
3.  Send this request to the primary contacts for these changes: **Ashok Chinthala (achinthala@pcbapps.com)** and **Debiprasad Mohanty (mdebiprasad@pcbapps.com)**.

Once the team receives the request, they will process the removal and confirm with you once it is complete.",18.53,3255,455,6206,732,197,1893
4,5,4,0,5,5,5,5,"The AI correctly identified the need for clarification and asked relevant questions, aligning with the expected action and the ground truth's intent. It maintained an empathetic and professional tone. However, it completely failed to adhere to the required format, missing all four specified headers. The questions asked were good, though not an exact match to the ground truth's questions, they served the same purpose of gathering necessary information.",Gemini 2.5 Pro,ZT-007,Something is broken in the system.,"Hi Tester,

I'm sorry to hear you're encountering an issue with the system. To help me investigate this effectively and provide an accurate solution, I'll need a few more details about the specific problem you're experiencing.

To help me diagnose the issue, could you please provide the following information:

1.  Which **application** or part of the system were you using when the problem occurred?
2.  What specific action were you trying to perform?
3.  If you are seeing an error message, please provide the exact text or a screenshot of the error.

Once I have these details, I can provide a targeted solution or determine the next steps.",23.59,2993,383,6265,681,170,1545
4,4,4,0,5,5,5,5,"The AI's response correctly identifies the cause and provides actionable steps to resolve the issue, aligning well with the ground truth's core resolution. It even adds specific system context (JDE, Work Center) which is helpful. However, it completely failed to adhere to the required output format by not using the specified headers.",Grok 4.20 Reasoning,ZT-001,I am getting an error message during end of month reporting when posting JE batches. The batch status shows Error with a difference amount.,"Hi Tester,

The error you're seeing during end of month reporting when posting JE batches, with the batch status showing **Error** and a difference amount, is almost always caused by an out-of-balance journal entry (debits not equaling credits) or a data conflict in the JDE posting process.

To resolve this, please follow these steps:

1. In **JDE**, go to the **Work Center** and review the full error message for the batch.
2. If it shows 'Poster Out of Balance', open the batch in **Journal Entries** and check the line items for the exact difference amount.
3. Correct or delete the unbalanced entries, then re-post the batch.
4. If a 'Record Locked' message appears, ask the user who has the record open to exit their session and try posting again.

If the batch still fails after these steps, please reply with the exact error text from the Work Center so I can investigate further.",29.79,3334,433,7044,817,154,1947
1,1,2,0,5,5,1,4,"The AI's response deviates significantly from the ground truth's resolution. The ground truth states the AI initiates a request to a System Administrator, whereas the AI's response provides user-side troubleshooting steps and then incorrectly implies it can update permissions directly. It also fails to adhere to the required format and includes a hardcoded, incorrect email address.",Grok 4.20 Reasoning,ZT-002,I cannot access any tickets for DC33 or JFK in Zoho with my login. I am getting access denied.,"Hi Tester,

I understand you're getting an access denied error when trying to view any **DC33** or **JFK** tickets in **Zoho**. This is typically caused by your account lacking the specific department or client-group permissions for those locations, which were likely not updated after a recent role or client assignment change.

To resolve this, please follow these steps:

1. Completely log out of **Zoho Desk**.
2. Clear your browser cache and cookies for all **zoho.com** domains.
3. Log back in with **test@pcbapps.com** and navigate to the **Tickets** module.
4. Remove any active filters and select **All Tickets** from the left menu to test visibility.

If you still see the access denied message after these steps, please let me know the exact error text and I can update your permissions directly.",15.15,3081,421,7464,753,159,2163
4,2,5,0,5,0,5,5,"The AI provides actionable steps that would likely resolve the user's issue, demonstrating good correctness in its proposed solution. However, it significantly deviates from the specific system names and action descriptions provided in the ground truth, leading to a low faithfulness score. It completely fails to adhere to the required format headers. Actionability, ambiguity handling, escalation logic, and empathy are all excellent.",Grok 4.20 Reasoning,ZT-003,Retirees who are under the HMO plan are still showing as active on the eligibility file. How do I fix this?,"Hi Tester,

This issue typically occurs when a retiree's HMO plan termination or retirement status flag hasn't been fully applied in the eligibility database, so the nightly file export continues to list them as active members.

To resolve this, please follow these steps:

1. Open the **Eligibility Management** application and search for the retiree using their **P/N** or member ID.
2. Navigate to the **Coverage History** tab and locate the active **HMO** line.
3. Enter the correct **Termination Date** (usually the retirement effective date) and update the **Status** to **Terminated**.
4. Click **Save** and then run **Generate Eligibility File** from the **Reports** menu to validate the change.
5. Review the output file to confirm the member no longer appears as active.

If the retiree is still appearing after these steps, let me know the specific P/N and I can review the record directly.",16.58,3135,451,7491,757,164,2023
2,1,3,0,4,0,3,4,"The AI correctly identifies the cause but provides a workaround (entering a space) instead of the root cause resolution steps outlined in the ground truth (UDC maintenance, system fix). The resolution steps are not faithful to the provided context. It completely fails on format adherence by not using the specified headers. It correctly asks for more information if its suggestion doesn't work, which is good ambiguity handling and a reasonable escalation path.",Grok 4.20 Reasoning,ZT-004,The address book is not letting me add a blank value to a field. Can you help?,"Hi Tester,

This issue in the **Address Book** typically happens because the field has an active validation rule or UDC linkage that enforces a required value to maintain data consistency, blocking true blank entries.

To work around this, please follow these steps:

1. Open the **Address Book** module and locate the affected record.
2. Click **Edit** to enter update mode.
3. In the restricted field, enter a single space character rather than leaving it empty.
4. Click **Save** and confirm the record updates successfully.

If the field still rejects the change or you need the value to be completely null, please reply with the exact field name so I can review the configuration.",12.55,3205,395,7143,721,173,2042
2,1,3,0,5,5,4,4,"The AI's response provides plausible steps for a fiscal year-end close, but these steps do not align with the specific 'Resolution Steps' provided in the ground truth, indicating a lack of correctness and faithfulness to the golden answer. It seems to have generated its own set of steps. The AI completely failed to adhere to the required format, missing all specified headers. While the steps are numbered and actionable, their deviation from the ground truth reduces their overall value. The escalation logic is reasonable, and the tone is professional.",Grok 4.20 Reasoning,ZT-005,We need to close the Daiwa fiscal year end. What is the process and can you walk me through it?,"Hi Tester,

The Daiwa fiscal year-end close is a critical finance operation that locks prior-year records, posts final adjustments, and prevents further transactions from being recorded against the closed period. This process is especially important over the next two weeks to maintain data integrity and support accurate reporting.

To complete the close, please follow these steps:

1. Log into the **Daiwa Finance System** and confirm all transactions for the current fiscal year have been entered and reconciled.
2. Navigate to **Period End** > **Year End Close**.
3. Select **Daiwa** as the entity and choose the correct **Fiscal Year**.
4. Click **Run Pre-Close Validation** and resolve any exceptions shown in the report.
5. Once validation passes, select **Close Fiscal Year** and enter your approval credentials when prompted.
6. Review and post the generated **Closing Entries**, then run the final **Year-End Financial Reports**.

If the **Close Fiscal Year** button is unavailable or you receive any validation errors, let me know the exact message and I can assist further or loop in the finance systems team.",22.22,3244,492,8618,824,194,2014
1,1,2,0,4,5,3,4,"The AI's response fails to adhere to the required format, missing all four specified headers. It also hallucinates critical information such as the email address (`support@pcbapps.com`), the subject line (`Request to take off eligibility file`), and additional required fields like DOB and reason for removal, which are not present in the ground truth. Conversely, it misses key information from the ground truth, such as sending the request to the 'Data Management team' and specifying the 'Effective Removal Date'. While it provides numbered steps, they are incorrect and not fully actionable due to the inaccuracies. The escalation logic is partially correct in attempting to provide a solution, but the solution itself is flawed.",Grok 4.20 Reasoning,ZT-006,I need to remove a member from the eligibility file. How do we process this request?,"Hi Tester,

Removing a member from the eligibility file is a standard data maintenance request that must be processed manually to maintain audit compliance and prevent unintended impact on the automated benefits feed. These updates are tracked through dedicated request tickets rather than direct file edits.

To process this correctly, please follow these steps:

1. Gather the member's **Member ID**, full name, DOB, and the exact reason for removal.
2. Open your email client and create a new message addressed to **support@pcbapps.com**.
3. Use the subject line **""Request to take off eligibility file""** and include all member details plus any supporting documentation in the body.
4. Send the email and retain the confirmation for your records.

If you provide the member details here, I can help format the request for you. Let me know how else I can assist.",13.52,3191,481,7377,729,228,1901
0,0,2,0,0,5,0,3,"The user query is extremely vague ('Something is broken in the system'). The AI makes significant assumptions about the nature of the problem (e.g., 'cached session data', 'ITSM platform', 'PCB Apps', 'Chrome') and provides specific resolution steps based on these assumptions, rather than clarifying the issue first. This is a hallucination of the problem and solution. The ground truth correctly identifies the need for clarification. The AI also fails to adhere to the required output format and the expected escalation logic (CLARIFY).",Grok 4.20 Reasoning,ZT-007,Something is broken in the system.,"Hi Tester,

It looks like you're running into a general system issue, which is often caused by cached session data, a temporary backend service hiccup, or a stale connection in the ITSM platform. These problems are common after updates or prolonged sessions and can usually be cleared with basic client-side resets.

To resolve this, please try the following:

1. Fully close your browser and reopen **PCB Apps** in a fresh **Chrome** window.
2. Press **Ctrl + Shift + N** to open an **Incognito** window and log in to test.
3. If the problem continues, go to **Chrome Settings > Privacy and security > Clear browsing data**, select **Cached images and files**, then clear and retry.
4. Restart your computer and sign back into the system.

If the issue is still present after these steps, please reply with the exact error message or what specific part of the system is broken so I can dig deeper.",12.79,3085,456,6683,739,195,1661
